
{
    "region" : "us-east-1",
    "configuration" : "Debug",
    "framework"     : "net7.0",
    "self-contained" : true,
    "application"    : "DDAC",
    "environment"    : "DDAC-test",
    "enable-xray"    : true,
    "enhanced-health-type" : "enhanced",
    "additional-options"   : "\"aws:autoscaling:launchconfiguration,SecurityGroups\"=\"sg-0c5a3ae05d954134f\";\"aws:ec2:vpc,Subnets\"=\"subnet-074214486b850b5ce\"",
    "solution-stack"       : "64bit Amazon Linux 2 v2.5.6 running .NET Core",
    "environment-type"     : "SingleInstance",
    "cname"                : "ddac-test",
    "instance-type"        : "t2.micro",
    "key-pair"             : "phpexample",
    "instance-profile"     : "LabInstanceProfile",
    "service-role"         : "LabRole",
    "proxy-server"         : "nginx"
}